SamAccountName,Surname,GivenName,Initials,DisplayName,Department,Parent,Password
BOB,Smith,Robert,B,Robert Smith,1,"OU=Accounting,OU=Finance,DC=X",Pa$$w0rd
AAC,Angella,Cetta,A,Angella A. Cetta,5,"OU=Systems,OU=IT,DC=X",Pa$$w0rd
AAG,Aja,Gehrett,A,Aja A. Gehrett,7,"OU=PostSalesSupport,OU=Sales,DC=X",Pa$$w0rd
AAJ,Alline,Jeanty,A,Alline A. Jeanty,1,"OU=Accounting,OU=Finance,DC=X",Pa$$w0rd
ABG,Albina,Glick,B,Albina B. Glick,8,"OU=PreSalesSupport,OU=Sales,DC=X",Pa$$w0rd
ACB,Aliza,Baltimore,C,Aliza C. Baltimore,6,"OU=Marketing,OU=Sales,DC=X",Pa$$w0rd
ADA,Ahmed,Angalich,D,Ahmed D. Angalich,5,"OU=Systems,OU=IT,DC=X",Pa$$w0rd
ADM,Abel,Maclead,D,Abel D. Maclead,5,"OU=Systems,OU=IT,DC=X",Pa$$w0rd
ADS,Alisha,Slusarski,D,Alisha D. Slusarski,2,"OU=Payroll,OU=Finance,DC=X",Pa$$w0rd
AGB,Annabelle,Boord,G,Annabelle G. Boord,4,"OU=Support,OU=IT,DC=X",Pa$$w0rd
AGS,Avery,Steier,G,Avery G. Steier,5,"OU=Systems,OU=IT,DC=X",Pa$$w0rd
AHT,Annelle,Tagala,H,Annelle H. Tagala,5,"OU=Systems,OU=IT,DC=X",Pa$$w0rd
AIA,Alyce,Arias,I,Alyce I. Arias,8,"OU=PreSalesSupport,OU=Sales,DC=X",Pa$$w0rd
AIK,Arlene,Klusman,I,Arlene I. Klusman,8,"OU=PreSalesSupport,OU=Sales,DC=X",Pa$$w0rd
AIL,Adell,Lipkin,I,Adell I. Lipkin,4,"OU=Support,OU=IT,DC=X",Pa$$w0rd
AIS,Alishia,Sergi,I,Alishia I. Sergi,4,"OU=Support,OU=IT,DC=X",Pa$$w0rd
AJO,Antione,Onofrio,J,Antione J. Onofrio,1,"OU=Accounting,OU=Finance,DC=X",Pa$$w0rd
AJS,Andra,Scheyer,J,Andra J. Scheyer,7,"OU=PostSalesSupport,OU=Sales,DC=X",Pa$$w0rd
AKC,Annmarie,Castros,K,Annmarie K. Castros,2,"OU=Payroll,OU=Finance,DC=X",Pa$$w0rd
AKH,Arlette,Honeywell,K,Arlette K. Honeywell,7,"OU=PostSalesSupport,OU=Sales,DC=X",Pa$$w0rd
AKK,Audra,Kohnert,K,Audra K. Kohnert,6,"OU=Marketing,OU=Sales,DC=X",Pa$$w0rd
AKP,Amie,Perigo,K,Amie K. Perigo,2,"OU=Payroll,OU=Finance,DC=X",Pa$$w0rd
AKV,Art,Venere,K,Art K. Venere,7,"OU=PostSalesSupport,OU=Sales,DC=X",Pa$$w0rd
AMB,Alecia,Bubash,M,Alecia M. Bubash,7,"OU=PostSalesSupport,OU=Sales,DC=X",Pa$$w0rd
AMN,Adelina,Nabours,M,Adelina M. Nabours,5,"OU=Systems,OU=IT,DC=X",Pa$$w0rd
AMP,Ashlyn,Pinilla,M,Ashlyn M. Pinilla,6,"OU=Marketing,OU=Sales,DC=X",Pa$$w0rd
ANI,Allene,Iturbide,N,Allene N. Iturbide,1,"OU=Accounting,OU=Finance,DC=X",Pa$$w0rd
ANL,Alex,Loader,N,Alex N. Loader,6,"OU=Marketing,OU=Sales,DC=X",Pa$$w0rd
ANY,Audry,Yaw,N,Audry N. Yaw,8,"OU=PreSalesSupport,OU=Sales,DC=X",Pa$$w0rd
AQP,Alpha,Palaia,Q,Alpha Q. Palaia,8,"OU=PreSalesSupport,OU=Sales,DC=X",Pa$$w0rd
ATB,Alease,Buemi,T,Alease T. Buemi,4,"OU=Support,OU=IT,DC=X",Pa$$w0rd
ATH,Alesia,Hixenbaugh,T,Alesia T. Hixenbaugh,7,"OU=PostSalesSupport,OU=Sales,DC=X",Pa$$w0rd
AWF,An,Fritz,W,An W. Fritz,2,"OU=Payroll,OU=Finance,DC=X",Pa$$w0rd
AWM,Amber,Monarrez,W,Amber W. Monarrez,7,"OU=PostSalesSupport,OU=Sales,DC=X",Pa$$w0rd
AYB,Alaine,Bergesen,Y,Alaine Y. Bergesen,1,"OU=Accounting,OU=Finance,DC=X",Pa$$w0rd
AYF,Arthur,Farrow,Y,Arthur Y. Farrow,4,"OU=Support,OU=IT,DC=X",Pa$$w0rd
AYP,Arminda,Parvis,Y,Arminda Y. Parvis,6,"OU=Marketing,OU=Sales,DC=X",Pa$$w0rd
AZC,Ammie,Corrio,Z,Ammie Z. Corrio,4,"OU=Support,OU=IT,DC=X",Pa$$w0rd
BAP,Blondell,Pugh,A,Blondell A. Pugh,1,"OU=Accounting,OU=Finance,DC=X",Pa$$w0rd
BAS,Benedict,Sama,A,Benedict A. Sama,1,"OU=Accounting,OU=Finance,DC=X",Pa$$w0rd
BDC,Beatriz,Corrington,D,Beatriz D. Corrington,7,"OU=PostSalesSupport,OU=Sales,DC=X",Pa$$w0rd
BEP,Bulah,Padilla,E,Bulah E. Padilla,4,"OU=Support,OU=IT,DC=X",Pa$$w0rd
BHS,Benton,Skursky,H,Benton H. Skursky,1,"OU=Accounting,OU=Finance,DC=X",Pa$$w0rd
BJN,Bette,Nicka,J,Bette J. Nicka,1,"OU=Accounting,OU=Finance,DC=X",Pa$$w0rd
BKI,Bok,Isaacs,K,Bok K. Isaacs,8,"OU=PreSalesSupport,OU=Sales,DC=X",Pa$$w0rd
BKM,Becky,Mirafuentes,K,Becky K. Mirafuentes,3,"OU=Development,OU=IT,DC=X",Pa$$w0rd
BLC,Buddy,Cloney,L,Buddy L. Cloney,4,"OU=Support,OU=IT,DC=X",Pa$$w0rd
BMM,Blair,Malet,M,Blair M. Malet,3,"OU=Development,OU=IT,DC=X",Pa$$w0rd
BNM,Billye,Miro,N,Billye N. Miro,3,"OU=Development,OU=IT,DC=X",Pa$$w0rd
BOF,Bernardo,Figeroa,O,Bernardo O. Figeroa,3,"OU=Development,OU=IT,DC=X",Pa$$w0rd
BPA,Barbra,Adkin,P,Barbra P. Adkin,1,"OU=Accounting,OU=Finance,DC=X",Pa$$w0rd
BPG,Britt,Galam,P,Britt P. Galam,8,"OU=PreSalesSupport,OU=Sales,DC=X",Pa$$w0rd
BRB,Brock,Bolognia,R,Brock R. Bolognia,6,"OU=Marketing,OU=Sales,DC=X",Pa$$w0rd
BRT,Barrett,Toyama,R,Barrett R. Toyama,1,"OU=Accounting,OU=Finance,DC=X",Pa$$w0rd
BSS,Belen,Strassner,S,Belen S. Strassner,6,"OU=Marketing,OU=Sales,DC=X",Pa$$w0rd
BTS,Beckie,Silvestrini,T,Beckie T. Silvestrini,1,"OU=Accounting,OU=Finance,DC=X",Pa$$w0rd
BUC,Brandon,Callaro,U,Brandon U. Callaro,3,"OU=Development,OU=IT,DC=X",Pa$$w0rd
BVG,Brittni,Gillaspie,V,Brittni V. Gillaspie,5,"OU=Systems,OU=IT,DC=X",Pa$$w0rd
BVR,Bobbye,Rhym,V,Bobbye V. Rhym,2,"OU=Payroll,OU=Finance,DC=X",Pa$$w0rd
BXR,Bernardine,Rodefer,X,Bernardine X. Rodefer,5,"OU=Systems,OU=IT,DC=X",Pa$$w0rd
CAB,Carissa,Batman,A,Carissa A. Batman,7,"OU=PostSalesSupport,OU=Sales,DC=X",Pa$$w0rd
CAC,Carmela,Cookey,A,Carmela A. Cookey,2,"OU=Payroll,OU=Finance,DC=X",Pa$$w0rd
CAT,Catalina,Tillotson,A,Catalina A. Tillotson,6,"OU=Marketing,OU=Sales,DC=X",Pa$$w0rd
CBG,Cyndy,Goldammer,B,Cyndy B. Goldammer,5,"OU=Systems,OU=IT,DC=X",Pa$$w0rd
CEA,Cammy,Albares,E,Cammy E. Albares,7,"OU=PostSalesSupport,OU=Sales,DC=X",Pa$$w0rd
CEC,Chanel,Caudy,E,Chanel E. Caudy,6,"OU=Marketing,OU=Sales,DC=X",Pa$$w0rd
CEL,Cristy,Lother,E,Cristy E. Lother,8,"OU=PreSalesSupport,OU=Sales,DC=X",Pa$$w0rd
CFD,Cyril,Daufeldt,F,Cyril F. Daufeldt,1,"OU=Accounting,OU=Finance,DC=X",Pa$$w0rd
CFG,Casie,Good,F,Casie F. Good,5,"OU=Systems,OU=IT,DC=X",Pa$$w0rd
CFS,Cristal,Samara,F,Cristal F. Samara,4,"OU=Support,OU=IT,DC=X",Pa$$w0rd
CGV,Ciara,Ventura,G,Ciara G. Ventura,8,"OU=PreSalesSupport,OU=Sales,DC=X",Pa$$w0rd
CHM,Chantell,Maynerich,H,Chantell H. Maynerich,1,"OU=Accounting,OU=Finance,DC=X",Pa$$w0rd
CJB,Carlee,Boulter,J,Carlee J. Boulter,4,"OU=Support,OU=IT,DC=X",Pa$$w0rd
CJD,Carin,Deleo,J,Carin J. Deleo,4,"OU=Support,OU=IT,DC=X",Pa$$w0rd
CKS,Cordelia,Storment,K,Cordelia K. Storment,6,"OU=Marketing,OU=Sales,DC=X",Pa$$w0rd
CLG,Cory,Gibes,L,Cory L. Gibes,5,"OU=Systems,OU=IT,DC=X",Pa$$w0rd
CLS,Caprice,Suell,L,Caprice L. Suell,3,"OU=Development,OU=IT,DC=X",Pa$$w0rd
CMK,Chau,Kitzman,M,Chau M. Kitzman,2,"OU=Payroll,OU=Finance,DC=X",Pa$$w0rd
CML,Cecil,Lapage,M,Cecil M. Lapage,7,"OU=PostSalesSupport,OU=Sales,DC=X",Pa$$w0rd
CNK,Celeste,Korando,N,Celeste N. Korando,5,"OU=Systems,OU=IT,DC=X",Pa$$w0rd
COH,Cheryl,Haroldson,O,Cheryl O. Haroldson,6,"OU=Marketing,OU=Sales,DC=X",Pa$$w0rd
CPH,Clay,Hoa,P,Clay P. Hoa,5,"OU=Systems,OU=IT,DC=X",Pa$$w0rd
CPJ,Caitlin,Julia,P,Caitlin P. Julia,6,"OU=Marketing,OU=Sales,DC=X",Pa$$w0rd
CPL,Carmelina,Lindall,P,Carmelina P. Lindall,5,"OU=Systems,OU=IT,DC=X",Pa$$w0rd
CQD,Carey,Dopico,Q,Carey Q. Dopico,3,"OU=Development,OU=IT,DC=X",Pa$$w0rd
CQH,Clorinda,Heimann,Q,Clorinda Q. Heimann,5,"OU=Systems,OU=IT,DC=X",Pa$$w0rd
CQK,Colette,Kardas,Q,Colette Q. Kardas,8,"OU=PreSalesSupport,OU=Sales,DC=X",Pa$$w0rd
CRM,Chaya,Malvin,R,Chaya R. Malvin,2,"OU=Payroll,OU=Finance,DC=X",Pa$$w0rd
CRP,Cathrine,Pontoriero,R,Cathrine R. Pontoriero,3,"OU=Development,OU=IT,DC=X",Pa$$w0rd
CRS,Ceola,Setter,R,Ceola R. Setter,3,"OU=Development,OU=IT,DC=X",Pa$$w0rd
CRV,Carma,Vanheusen,R,Carma R. Vanheusen,2,"OU=Payroll,OU=Finance,DC=X",Pa$$w0rd
CRW,Cassi,Wildfong,R,Cassi R. Wildfong,6,"OU=Marketing,OU=Sales,DC=X",Pa$$w0rd
CSE,Christiane,Eschberger,S,Christiane S. Eschberger,5,"OU=Systems,OU=IT,DC=X",Pa$$w0rd
CSH,Cecily,Hollack,S,Cecily S. Hollack,1,"OU=Accounting,OU=Finance,DC=X",Pa$$w0rd
CTM,Chauncey,Motley,T,Chauncey T. Motley,5,"OU=Systems,OU=IT,DC=X",Pa$$w0rd
CWL,Corinne,Loder,W,Corinne W. Loder,5,"OU=Systems,OU=IT,DC=X",Pa$$w0rd
CYC,Candida,Corbley,Y,Candida Y. Corbley,5,"OU=Systems,OU=IT,DC=X",Pa$$w0rd
CZH,Charlene,Hamilton,Z,Charlene Z. Hamilton,1,"OU=Accounting,OU=Finance,DC=X",Pa$$w0rd
CZL,Cherry,Lietz,Z,Cherry Z. Lietz,3,"OU=Development,OU=IT,DC=X",Pa$$w0rd
CZV,Claribel,Varriano,Z,Claribel Z. Varriano,2,"OU=Payroll,OU=Finance,DC=X",Pa$$w0rd
DAD,Daron,Dinos,A,Daron A. Dinos,8,"OU=PreSalesSupport,OU=Sales,DC=X",Pa$$w0rd
DAW,Daren,Weirather,A,Daren A. Weirather,4,"OU=Support,OU=IT,DC=X",Pa$$w0rd
DBC,Delisa,Crupi,B,Delisa B. Crupi,2,"OU=Payroll,OU=Finance,DC=X",Pa$$w0rd
DDA,Delmy,Ahle,D,Delmy D. Ahle,2,"OU=Payroll,OU=Finance,DC=X",Pa$$w0rd
DDD,Dominque,Dickerson,D,Dominque D. Dickerson,2,"OU=Payroll,OU=Finance,DC=X",Pa$$w0rd
DGD,Diane,Devreese,G,Diane G. Devreese,6,"OU=Marketing,OU=Sales,DC=X",Pa$$w0rd
DGW,Dick,Wenzinger,G,Dick G. Wenzinger,3,"OU=Development,OU=IT,DC=X",Pa$$w0rd
DHL,Dulce,Labreche,H,Dulce H. Labreche,7,"OU=PostSalesSupport,OU=Sales,DC=X",Pa$$w0rd
DJR,Dalene,Riden,J,Dalene J. Riden,1,"OU=Accounting,OU=Finance,DC=X",Pa$$w0rd
DLB,Danica,Bruschke,L,Danica L. Bruschke,6,"OU=Marketing,OU=Sales,DC=X",Pa$$w0rd
DLH,Dorthy,Hidvegi,L,Dorthy L. Hidvegi,4,"OU=Support,OU=IT,DC=X",Pa$$w0rd
DLY,Dierdre,Yum,L,Dierdre L. Yum,7,"OU=PostSalesSupport,OU=Sales,DC=X",Pa$$w0rd
DOP,Denise,Patak,O,Denise O. Patak,5,"OU=Systems,OU=IT,DC=X",Pa$$w0rd
DPC,Devorah,Chickering,P,Devorah P. Chickering,3,"OU=Development,OU=IT,DC=X",Pa$$w0rd
DPS,Dalene,Schoeneck,P,Dalene P. Schoeneck,8,"OU=PreSalesSupport,OU=Sales,DC=X",Pa$$w0rd
DQC,Dorothy,Chesterfield,Q,Dorothy Q. Chesterfield,3,"OU=Development,OU=IT,DC=X",Pa$$w0rd
DQF,Donette,Foller,Q,Donette Q. Foller,6,"OU=Marketing,OU=Sales,DC=X",Pa$$w0rd
DRO,Dyan,Oldroyd,R,Dyan R. Oldroyd,7,"OU=PostSalesSupport,OU=Sales,DC=X",Pa$$w0rd
DSK,Donte,Kines,S,Donte S. Kines,4,"OU=Support,OU=IT,DC=X",Pa$$w0rd
DUC,Detra,Coyier,U,Detra U. Coyier,2,"OU=Payroll,OU=Finance,DC=X",Pa$$w0rd
DUK,Dean,Ketelsen,U,Dean U. Ketelsen,8,"OU=PreSalesSupport,OU=Sales,DC=X",Pa$$w0rd
DUP,Daniel,Perruzza,U,Daniel U. Perruzza,3,"OU=Development,OU=IT,DC=X",Pa$$w0rd
DVP,Devora,Perez,V,Devora V. Perez,6,"OU=Marketing,OU=Sales,DC=X",Pa$$w0rd
DWH,Deandrea,Hughey,W,Deandrea W. Hughey,7,"OU=PostSalesSupport,OU=Sales,DC=X",Pa$$w0rd
DYC,Daniela,Comnick,Y,Daniela Y. Comnick,7,"OU=PostSalesSupport,OU=Sales,DC=X",Pa$$w0rd
DZD,Derick,Dhamer,Z,Derick Z. Dhamer,1,"OU=Accounting,OU=Finance,DC=X",Pa$$w0rd
DZH,Dottie,Hellickson,Z,Dottie Z. Hellickson,6,"OU=Marketing,OU=Sales,DC=X",Pa$$w0rd
DZJ,Deeanna,Juhas,Z,Deeanna Z. Juhas,5,"OU=Systems,OU=IT,DC=X",Pa$$w0rd
DZK,Deonna,Kippley,Z,Deonna Z. Kippley,5,"OU=Systems,OU=IT,DC=X",Pa$$w0rd
EAC,Erinn,Canlas,A,Erinn A. Canlas,5,"OU=Systems,OU=IT,DC=X",Pa$$w0rd
EAS,Ernest,Syrop,A,Ernest A. Syrop,3,"OU=Development,OU=IT,DC=X",Pa$$w0rd
EBM,Elly,Morocco,B,Elly B. Morocco,7,"OU=PostSalesSupport,OU=Sales,DC=X",Pa$$w0rd
EDM,Elli,Mclaird,D,Elli D. Mclaird,1,"OU=Accounting,OU=Finance,DC=X",Pa$$w0rd
EDS,Estrella,Samu,D,Estrella D. Samu,3,"OU=Development,OU=IT,DC=X",Pa$$w0rd
EEB,Elvera,Benimadho,E,Elvera E. Benimadho,6,"OU=Marketing,OU=Sales,DC=X",Pa$$w0rd
EEM,Edna,Miceli,E,Edna E. Miceli,7,"OU=PostSalesSupport,OU=Sales,DC=X",Pa$$w0rd
EFG,Elouise,Gwalthney,F,Elouise F. Gwalthney,6,"OU=Marketing,OU=Sales,DC=X",Pa$$w0rd
EFR,Evangelina,Radde,F,Evangelina F. Radde,5,"OU=Systems,OU=IT,DC=X",Pa$$w0rd
EKC,Ezekiel,Chui,K,Ezekiel K. Chui,6,"OU=Marketing,OU=Sales,DC=X",Pa$$w0rd
EOS,Elke,Sengbusch,O,Elke O. Sengbusch,6,"OU=Marketing,OU=Sales,DC=X",Pa$$w0rd
EPJ,Eden,Jayson,P,Eden P. Jayson,4,"OU=Support,OU=IT,DC=X",Pa$$w0rd
EPL,Elza,Lipke,P,Elza P. Lipke,4,"OU=Support,OU=IT,DC=X",Pa$$w0rd
ESN,Erick,Nievas,S,Erick S. Nievas,2,"OU=Payroll,OU=Finance,DC=X",Pa$$w0rd
ETS,Eladia,Saulter,T,Eladia T. Saulter,7,"OU=PostSalesSupport,OU=Sales,DC=X",Pa$$w0rd
EVB,Emerson,Bowley,V,Emerson V. Bowley,5,"OU=Systems,OU=IT,DC=X",Pa$$w0rd
EVH,Ettie,Hoopengardner,V,Ettie V. Hoopengardner,8,"OU=PreSalesSupport,OU=Sales,DC=X",Pa$$w0rd
EVM,Earleen,Mai,V,Earleen V. Mai,7,"OU=PostSalesSupport,OU=Sales,DC=X",Pa$$w0rd
EXF,Erick,Ferencz,X,Erick X. Ferencz,6,"OU=Marketing,OU=Sales,DC=X",Pa$$w0rd
EYS,Ernie,Stenseth,Y,Ernie Y. Stenseth,8,"OU=PreSalesSupport,OU=Sales,DC=X",Pa$$w0rd
FBE,Franklyn,Emard,B,Franklyn B. Emard,2,"OU=Payroll,OU=Finance,DC=X",Pa$$w0rd
FDJ,Fernanda,Jillson,D,Fernanda D. Jillson,6,"OU=Marketing,OU=Sales,DC=X",Pa$$w0rd
FEH,Felix,Hirpara,E,Felix E. Hirpara,4,"OU=Support,OU=IT,DC=X",Pa$$w0rd
FFB,Flo,Bookamer,F,Flo F. Bookamer,8,"OU=PreSalesSupport,OU=Sales,DC=X",Pa$$w0rd
FFT,Filiberto,Tawil,F,Filiberto F. Tawil,4,"OU=Support,OU=IT,DC=X",Pa$$w0rd
FJG,Freeman,Gochal,J,Freeman J. Gochal,7,"OU=PostSalesSupport,OU=Sales,DC=X",Pa$$w0rd
FNA,Fausto,Agramonte,N,Fausto N. Agramonte,2,"OU=Payroll,OU=Finance,DC=X",Pa$$w0rd
FNP,Felicidad,Poullion,N,Felicidad N. Poullion,7,"OU=PostSalesSupport,OU=Sales,DC=X",Pa$$w0rd
FOH,Fabiola,Hauenstein,O,Fabiola O. Hauenstein,3,"OU=Development,OU=IT,DC=X",Pa$$w0rd
FOL,Fannie,Lungren,O,Fannie O. Lungren,6,"OU=Marketing,OU=Sales,DC=X",Pa$$w0rd
FOS,Fatima,Saylors,O,Fatima O. Saylors,2,"OU=Payroll,OU=Finance,DC=X",Pa$$w0rd
FRF,Fletcher,Flosi,R,Fletcher R. Flosi,3,"OU=Development,OU=IT,DC=X",Pa$$w0rd
FSB,Frederica,Blunk,S,Frederica S. Blunk,6,"OU=Marketing,OU=Sales,DC=X",Pa$$w0rd
FWB,France,Buzick,W,France W. Buzick,8,"OU=PreSalesSupport,OU=Sales,DC=X",Pa$$w0rd
FWV,Francine,Vocelka,W,Francine W. Vocelka,4,"OU=Support,OU=IT,DC=X",Pa$$w0rd
GBB,Glen,Bartolet,B,Glen B. Bartolet,1,"OU=Accounting,OU=Finance,DC=X",Pa$$w0rd
GBS,Gwenn,Suffield,B,Gwenn B. Suffield,8,"OU=PreSalesSupport,OU=Sales,DC=X",Pa$$w0rd
GCK,Gail,Kitty,C,Gail C. Kitty,2,"OU=Payroll,OU=Finance,DC=X",Pa$$w0rd
GCM,Gracia,Melnyk,C,Gracia C. Melnyk,6,"OU=Marketing,OU=Sales,DC=X",Pa$$w0rd
GDK,Golda,Kaniecki,D,Golda D. Kaniecki,8,"OU=PreSalesSupport,OU=Sales,DC=X",Pa$$w0rd
GHB,Glenn,Berray,H,Glenn H. Berray,4,"OU=Support,OU=IT,DC=X",Pa$$w0rd
GHS,Gayla,Schnitzler,H,Gayla H. Schnitzler,4,"OU=Support,OU=IT,DC=X",Pa$$w0rd
GIK,Glory,Kulzer,I,Glory I. Kulzer,5,"OU=Systems,OU=IT,DC=X",Pa$$w0rd
GLK,Garry,Keetch,L,Garry L. Keetch,1,"OU=Accounting,OU=Finance,DC=X",Pa$$w0rd
GLR,Gladys,Rim,L,Gladys L. Rim,4,"OU=Support,OU=IT,DC=X",Pa$$w0rd
GMS,Glory,Schieler,M,Glory M. Schieler,8,"OU=PreSalesSupport,OU=Sales,DC=X",Pa$$w0rd
GNL,Gilma,Liukko,N,Gilma N. Liukko,3,"OU=Development,OU=IT,DC=X",Pa$$w0rd
GNS,Goldie,Schirpke,N,Goldie N. Schirpke,2,"OU=Payroll,OU=Finance,DC=X",Pa$$w0rd
GOS,Glenna,Slayton,O,Glenna O. Slayton,4,"OU=Support,OU=IT,DC=X",Pa$$w0rd
GRM,Georgene,Montezuma,R,Georgene R. Montezuma,4,"OU=Support,OU=IT,DC=X",Pa$$w0rd
GRP,Gregoria,Pawlowicz,R,Gregoria R. Pawlowicz,6,"OU=Marketing,OU=Sales,DC=X",Pa$$w0rd
GSS,Gail,Similton,S,Gail S. Similton,6,"OU=Marketing,OU=Sales,DC=X",Pa$$w0rd
GTC,Galen,Cantres,T,Galen T. Cantres,3,"OU=Development,OU=IT,DC=X",Pa$$w0rd
GTN,Gary,Nunlee,T,Gary T. Nunlee,7,"OU=PostSalesSupport,OU=Sales,DC=X",Pa$$w0rd
GVA,Geoffrey,Acey,V,Geoffrey V. Acey,5,"OU=Systems,OU=IT,DC=X",Pa$$w0rd
GVG,Gearldine,Gellinger,V,Gearldine V. Gellinger,2,"OU=Payroll,OU=Finance,DC=X",Pa$$w0rd
GYS,Glendora,Sarbacher,Y,Glendora Y. Sarbacher,7,"OU=PostSalesSupport,OU=Sales,DC=X",Pa$$w0rd
GZR,Graciela,Ruta,Z,Graciela Z. Ruta,2,"OU=Payroll,OU=Finance,DC=X",Pa$$w0rd
GZW,Gertude,Witten,Z,Gertude Z. Witten,8,"OU=PreSalesSupport,OU=Sales,DC=X",Pa$$w0rd
HAS,Hoa,Sarao,A,Hoa A. Sarao,7,"OU=PostSalesSupport,OU=Sales,DC=X",Pa$$w0rd
HCD,Haydee,Denooyer,C,Haydee C. Denooyer,8,"OU=PreSalesSupport,OU=Sales,DC=X",Pa$$w0rd
HCS,Hillary,Skulski,C,Hillary C. Skulski,6,"OU=Marketing,OU=Sales,DC=X",Pa$$w0rd
HJP,Howard,Paulas,J,Howard J. Paulas,1,"OU=Accounting,OU=Finance,DC=X",Pa$$w0rd
HJW,Hubert,Walthall,J,Hubert J. Walthall,5,"OU=Systems,OU=IT,DC=X",Pa$$w0rd
HLH,Helaine,Halter,L,Helaine L. Halter,5,"OU=Systems,OU=IT,DC=X",Pa$$w0rd
HMB,Heike,Berganza,M,Heike M. Berganza,3,"OU=Development,OU=IT,DC=X",Pa$$w0rd
HMD,Herman,Demesa,M,Herman M. Demesa,2,"OU=Payroll,OU=Finance,DC=X",Pa$$w0rd
HON,Herminia,Nicolozakes,O,Herminia O. Nicolozakes,2,"OU=Payroll,OU=Finance,DC=X",Pa$$w0rd
HQR,Helene,Rodenberger,Q,Helene Q. Rodenberger,7,"OU=PostSalesSupport,OU=Sales,DC=X",Pa$$w0rd
HST,Hermila,Thyberg,S,Hermila S. Thyberg,3,"OU=Development,OU=IT,DC=X",Pa$$w0rd
HTH,Harrison,Haufler,T,Harrison T. Haufler,4,"OU=Support,OU=IT,DC=X",Pa$$w0rd
HYF,Helga,Fredicks,Y,Helga Y. Fredicks,3,"OU=Development,OU=IT,DC=X",Pa$$w0rd
IAD,Izetta,Dewar,A,Izetta A. Dewar,6,"OU=Marketing,OU=Sales,DC=X",Pa$$w0rd
IEF,Izetta,Funnell,E,Izetta E. Funnell,2,"OU=Payroll,OU=Finance,DC=X",Pa$$w0rd
IVE,Ilene,Eroman,V,Ilene V. Eroman,2,"OU=Payroll,OU=Finance,DC=X",Pa$$w0rd
IVO,Iluminada,Ohms,V,Iluminada V. Ohms,7,"OU=PostSalesSupport,OU=Sales,DC=X",Pa$$w0rd
IYW,Irma,Wolfgramm,Y,Irma Y. Wolfgramm,6,"OU=Marketing,OU=Sales,DC=X",Pa$$w0rd
JAF,Jade,Farrar,A,Jade A. Farrar,6,"OU=Marketing,OU=Sales,DC=X",Pa$$w0rd
JAM,Jettie,Mconnell,A,Jettie A. Mconnell,7,"OU=PostSalesSupport,OU=Sales,DC=X",Pa$$w0rd
JCB,Jani,Biddy,C,Jani C. Biddy,2,"OU=Payroll,OU=Finance,DC=X",Pa$$w0rd
JCE,Johnna,Engelberg,C,Johnna C. Engelberg,2,"OU=Payroll,OU=Finance,DC=X",Pa$$w0rd
JDB,James,Butt,D,James D. Butt,3,"OU=Development,OU=IT,DC=X",Pa$$w0rd
JDC,Jess,Chaffins,D,Jess D. Chaffins,3,"OU=Development,OU=IT,DC=X",Pa$$w0rd
JDO,Jovita,Oles,D,Jovita D. Oles,8,"OU=PreSalesSupport,OU=Sales,DC=X",Pa$$w0rd
JEB,Jina,Briddick,E,Jina E. Briddick,7,"OU=PostSalesSupport,OU=Sales,DC=X",Pa$$w0rd
JEF,Jesusita,Flister,E,Jesusita E. Flister,8,"OU=PreSalesSupport,OU=Sales,DC=X",Pa$$w0rd
JEO,Jolene,Ostolaza,E,Jolene E. Ostolaza,7,"OU=PostSalesSupport,OU=Sales,DC=X",Pa$$w0rd
JGC,Jeanice,Claucherty,G,Jeanice G. Claucherty,1,"OU=Accounting,OU=Finance,DC=X",Pa$$w0rd
JGF,Jennifer,Fallick,G,Jennifer G. Fallick,5,"OU=Systems,OU=IT,DC=X",Pa$$w0rd
JGS,Jose,Stockham,G,Jose G. Stockham,6,"OU=Marketing,OU=Sales,DC=X",Pa$$w0rd
JHV,Jamal,Vanausdal,H,Jamal H. Vanausdal,4,"OU=Support,OU=IT,DC=X",Pa$$w0rd
JIA,Judy,Aquas,I,Judy I. Aquas,8,"OU=PreSalesSupport,OU=Sales,DC=X",Pa$$w0rd
JIM,Justine,Mugnolo,I,Justine I. Mugnolo,7,"OU=PostSalesSupport,OU=Sales,DC=X",Pa$$w0rd
JIR,Janine,Rhoden,I,Janine I. Rhoden,2,"OU=Payroll,OU=Finance,DC=X",Pa$$w0rd
JJA,Johnetta,Abdallah,J,Johnetta J. Abdallah,5,"OU=Systems,OU=IT,DC=X",Pa$$w0rd
JJF,Justine,Ferrario,J,Justine J. Ferrario,6,"OU=Marketing,OU=Sales,DC=X",Pa$$w0rd
JKB,Junita,Brideau,K,Junita K. Brideau,5,"OU=Systems,OU=IT,DC=X",Pa$$w0rd
JKZ,Jerry,Zurcher,K,Jerry K. Zurcher,5,"OU=Systems,OU=IT,DC=X",Pa$$w0rd
JLL,Joanna,Leinenbach,L,Joanna L. Leinenbach,8,"OU=PreSalesSupport,OU=Sales,DC=X",Pa$$w0rd
JLR,Jenelle,Regusters,L,Jenelle L. Regusters,2,"OU=Payroll,OU=Finance,DC=X",Pa$$w0rd
JNB,Joni,Breland,N,Joni N. Breland,8,"OU=PreSalesSupport,OU=Sales,DC=X",Pa$$w0rd
JOD,Joesph,Degonia,O,Joesph O. Degonia,6,"OU=Marketing,OU=Sales,DC=X",Pa$$w0rd
JPC,Joseph,Cryer,P,Joseph P. Cryer,2,"OU=Payroll,OU=Finance,DC=X",Pa$$w0rd
JPD,Jerry,Dallen,P,Jerry P. Dallen,4,"OU=Support,OU=IT,DC=X",Pa$$w0rd
JQR,Jacqueline,Rowling,Q,Jacqueline Q. Rowling,2,"OU=Payroll,OU=Finance,DC=X",Pa$$w0rd
JQS,Jesusa,Shin,Q,Jesusa Q. Shin,3,"OU=Development,OU=IT,DC=X",Pa$$w0rd
JQV,Josphine,Villanueva,Q,Josphine Q. Villanueva,6,"OU=Marketing,OU=Sales,DC=X",Pa$$w0rd
JVD,Josephine,Darakjy,V,Josephine V. Darakjy,1,"OU=Accounting,OU=Finance,DC=X",Pa$$w0rd
JVG,Janey,Gabisi,V,Janey V. Gabisi,3,"OU=Development,OU=IT,DC=X",Pa$$w0rd
JXH,Jolanda,Hanafan,X,Jolanda X. Hanafan,2,"OU=Payroll,OU=Finance,DC=X",Pa$$w0rd
JZA,Jutta,Amyot,Z,Jutta Z. Amyot,5,"OU=Systems,OU=IT,DC=X",Pa$$w0rd
JZB,Jaclyn,Bachman,Z,Jaclyn Z. Bachman,2,"OU=Payroll,OU=Finance,DC=X",Pa$$w0rd
KAK,Kate,Keneipp,A,Kate A. Keneipp,7,"OU=PostSalesSupport,OU=Sales,DC=X",Pa$$w0rd
KBO,Kaitlyn,Ogg,B,Kaitlyn B. Ogg,8,"OU=PreSalesSupport,OU=Sales,DC=X",Pa$$w0rd
KCP,Katina,Polidori,C,Katina C. Polidori,8,"OU=PreSalesSupport,OU=Sales,DC=X",Pa$$w0rd
KDB,Kristofer,Bennick,D,Kristofer D. Bennick,1,"OU=Accounting,OU=Finance,DC=X",Pa$$w0rd
KEC,Kiley,Caldarera,E,Kiley E. Caldarera,5,"OU=Systems,OU=IT,DC=X",Pa$$w0rd
KFG,Kenneth,Grenet,F,Kenneth F. Grenet,4,"OU=Support,OU=IT,DC=X",Pa$$w0rd
KGH,Kirk,Herritt,G,Kirk G. Herritt,4,"OU=Support,OU=IT,DC=X",Pa$$w0rd
KGK,Karan,Karpin,G,Karan G. Karpin,3,"OU=Development,OU=IT,DC=X",Pa$$w0rd
KID,Kimberlie,Duenas,I,Kimberlie I. Duenas,7,"OU=PostSalesSupport,OU=Sales,DC=X",Pa$$w0rd
KJE,Kristel,Ehmann,J,Kristel J. Ehmann,4,"OU=Support,OU=IT,DC=X",Pa$$w0rd
KJK,Karl,Klonowski,J,Karl J. Klonowski,6,"OU=Marketing,OU=Sales,DC=X",Pa$$w0rd
KLR,Krissy,Rauser,L,Krissy L. Rauser,8,"OU=PreSalesSupport,OU=Sales,DC=X",Pa$$w0rd
KPB,Keneth,Borgman,P,Keneth P. Borgman,7,"OU=PostSalesSupport,OU=Sales,DC=X",Pa$$w0rd
KQL,Kayleigh,Lace,Q,Kayleigh Q. Lace,8,"OU=PreSalesSupport,OU=Sales,DC=X",Pa$$w0rd
KQM,Kris,Marrier,Q,Kris Q. Marrier,8,"OU=PreSalesSupport,OU=Sales,DC=X",Pa$$w0rd
KRT,Kristeen,Turinetti,R,Kristeen R. Turinetti,8,"OU=PreSalesSupport,OU=Sales,DC=X",Pa$$w0rd
KSB,Kallie,Blackwood,S,Kallie S. Blackwood,2,"OU=Payroll,OU=Finance,DC=X",Pa$$w0rd
KVT,Kerry,Theodorov,V,Kerry V. Theodorov,5,"OU=Systems,OU=IT,DC=X",Pa$$w0rd
KVW,Kanisha,Waycott,V,Kanisha V. Waycott,5,"OU=Systems,OU=IT,DC=X",Pa$$w0rd
KWS,Kasandra,Semidey,W,Kasandra W. Semidey,5,"OU=Systems,OU=IT,DC=X",Pa$$w0rd
KYR,Kati,Rulapaugh,Y,Kati Y. Rulapaugh,1,"OU=Accounting,OU=Finance,DC=X",Pa$$w0rd
KZV,Kattie,Vonasek,Z,Kattie Z. Vonasek,1,"OU=Accounting,OU=Finance,DC=X",Pa$$w0rd
LAB,Louvenia,Beech,A,Louvenia A. Beech,3,"OU=Development,OU=IT,DC=X",Pa$$w0rd
LAC,Lezlie,Craghead,A,Lezlie A. Craghead,3,"OU=Development,OU=IT,DC=X",Pa$$w0rd
LAL,Lemuel,Latzke,A,Lemuel A. Latzke,5,"OU=Systems,OU=IT,DC=X",Pa$$w0rd
LBB,Lauran,Burnard,B,Lauran B. Burnard,6,"OU=Marketing,OU=Sales,DC=X",Pa$$w0rd
LBS,Lashawnda,Stuer,B,Lashawnda B. Stuer,2,"OU=Payroll,OU=Finance,DC=X",Pa$$w0rd
LBW,Lorrine,Worlds,B,Lorrine B. Worlds,1,"OU=Accounting,OU=Finance,DC=X",Pa$$w0rd
LCI,Lettie,Isenhower,C,Lettie C. Isenhower,4,"OU=Support,OU=IT,DC=X",Pa$$w0rd
LDC,Louisa,Cronauer,D,Louisa D. Cronauer,1,"OU=Accounting,OU=Finance,DC=X",Pa$$w0rd
LEL,Lashaunda,Lizama,E,Lashaunda E. Lizama,5,"OU=Systems,OU=IT,DC=X",Pa$$w0rd
LEM,Leonora,Mauson,E,Leonora E. Mauson,4,"OU=Support,OU=IT,DC=X",Pa$$w0rd
LFS,Lilli,Scriven,F,Lilli F. Scriven,3,"OU=Development,OU=IT,DC=X",Pa$$w0rd
LHP,Laurel,Pagliuca,H,Laurel H. Pagliuca,2,"OU=Payroll,OU=Finance,DC=X",Pa$$w0rd
LHR,Leota,Ragel,H,Leota H. Ragel,1,"OU=Accounting,OU=Finance,DC=X",Pa$$w0rd
LIH,Lavonda,Hengel,I,Lavonda I. Hengel,7,"OU=PostSalesSupport,OU=Sales,DC=X",Pa$$w0rd
LIM,Lorean,Martabano,I,Lorean I. Martabano,8,"OU=PreSalesSupport,OU=Sales,DC=X",Pa$$w0rd
LIW,Lonny,Weglarz,I,Lonny I. Weglarz,7,"OU=PostSalesSupport,OU=Sales,DC=X",Pa$$w0rd
LKD,Lindsey,Dilello,K,Lindsey K. Dilello,8,"OU=PreSalesSupport,OU=Sales,DC=X",Pa$$w0rd
LKG,Leonida,Gobern,K,Leonida K. Gobern,4,"OU=Support,OU=IT,DC=X",Pa$$w0rd
LLK,Lashandra,Klang,L,Lashandra L. Klang,4,"OU=Support,OU=IT,DC=X",Pa$$w0rd
LLR,Ligia,Reiber,L,Ligia L. Reiber,1,"OU=Accounting,OU=Finance,DC=X",Pa$$w0rd
LMJ,Luisa,Jurney,M,Luisa M. Jurney,7,"OU=PostSalesSupport,OU=Sales,DC=X",Pa$$w0rd
LND,Leota,Dilliard,N,Leota N. Dilliard,1,"OU=Accounting,OU=Finance,DC=X",Pa$$w0rd
LNK,Lizbeth,Kohl,N,Lizbeth N. Kohl,2,"OU=Payroll,OU=Finance,DC=X",Pa$$w0rd
LNM,Levi,Munis,N,Levi N. Munis,1,"OU=Accounting,OU=Finance,DC=X",Pa$$w0rd
LOA,Lynelle,Auber,O,Lynelle O. Auber,8,"OU=PreSalesSupport,OU=Sales,DC=X",Pa$$w0rd
LOC,Lisha,Centini,O,Lisha O. Centini,3,"OU=Development,OU=IT,DC=X",Pa$$w0rd
LOT,Latrice,Tolfree,O,Latrice O. Tolfree,7,"OU=PostSalesSupport,OU=Sales,DC=X",Pa$$w0rd
LOW,Lavonna,Wolny,O,Lavonna O. Wolny,4,"OU=Support,OU=IT,DC=X",Pa$$w0rd
LPP,Lavera,Perin,P,Lavera P. Perin,5,"OU=Systems,OU=IT,DC=X",Pa$$w0rd
LPT,Leslie,Threets,P,Leslie P. Threets,7,"OU=PostSalesSupport,OU=Sales,DC=X",Pa$$w0rd
LQP,Lenna,Paprocki,Q,Lenna Q. Paprocki,4,"OU=Support,OU=IT,DC=X",Pa$$w0rd
LRL,Lucina,Lary,R,Lucina R. Lary,6,"OU=Marketing,OU=Sales,DC=X",Pa$$w0rd
LRN,Lenna,Newville,R,Lenna R. Newville,1,"OU=Accounting,OU=Finance,DC=X",Pa$$w0rd
LSD,Lonna,Diestel,S,Lonna S. Diestel,1,"OU=Accounting,OU=Finance,DC=X",Pa$$w0rd
LSG,Lai,Gato,S,Lai S. Gato,4,"OU=Support,OU=IT,DC=X",Pa$$w0rd
LSN,Lorrie,Nestle,S,Lorrie S. Nestle,1,"OU=Accounting,OU=Finance,DC=X",Pa$$w0rd
LSS,Layla,Springe,S,Layla S. Springe,3,"OU=Development,OU=IT,DC=X",Pa$$w0rd
LTM,Laticia,Merced,T,Laticia T. Merced,4,"OU=Support,OU=IT,DC=X",Pa$$w0rd
LUH,Leatha,Hagele,U,Leatha U. Hagele,1,"OU=Accounting,OU=Finance,DC=X",Pa$$w0rd
LUR,Laurel,Reitler,U,Laurel U. Reitler,5,"OU=Systems,OU=IT,DC=X",Pa$$w0rd
LUV,Lashon,Vizarro,U,Lashon U. Vizarro,8,"OU=PreSalesSupport,OU=Sales,DC=X",Pa$$w0rd
LVG,Larae,Gudroe,V,Larae V. Gudroe,7,"OU=PostSalesSupport,OU=Sales,DC=X",Pa$$w0rd
LVL,Lawrence,Lorens,V,Lawrence V. Lorens,2,"OU=Payroll,OU=Finance,DC=X",Pa$$w0rd
LWP,Linn,Paa,W,Linn W. Paa,4,"OU=Support,OU=IT,DC=X",Pa$$w0rd
LWS,Lizette,Stem,W,Lizette W. Stem,2,"OU=Payroll,OU=Finance,DC=X",Pa$$w0rd
LZA,Loren,Asar,Z,Loren Z. Asar,1,"OU=Accounting,OU=Finance,DC=X",Pa$$w0rd
LZH,Lai,Harabedian,Z,Lai Z. Harabedian,4,"OU=Support,OU=IT,DC=X",Pa$$w0rd
LZP,Lili,Paskin,Z,Lili Z. Paskin,5,"OU=Systems,OU=IT,DC=X",Pa$$w0rd
LZT,Loreta,Timenez,Z,Loreta Z. Timenez,3,"OU=Development,OU=IT,DC=X",Pa$$w0rd
MAF,Mireya,Frerking,A,Mireya A. Frerking,8,"OU=PreSalesSupport,OU=Sales,DC=X",Pa$$w0rd
MAH,Malinda,Hochard,A,Malinda A. Hochard,2,"OU=Payroll,OU=Finance,DC=X",Pa$$w0rd
MBK,Melodie,Knipp,B,Melodie B. Knipp,6,"OU=Marketing,OU=Sales,DC=X",Pa$$w0rd
MBM,Marjory,Mastella,B,Marjory B. Mastella,1,"OU=Accounting,OU=Finance,DC=X",Pa$$w0rd
MCR,My,Rantanen,C,My C. Rantanen,1,"OU=Accounting,OU=Finance,DC=X",Pa$$w0rd
MDA,Minna,Amigon,D,Minna D. Amigon,4,"OU=Support,OU=IT,DC=X",Pa$$w0rd
MEL,Merlyn,Lawler,E,Merlyn E. Lawler,7,"OU=PostSalesSupport,OU=Sales,DC=X",Pa$$w0rd
MHR,Micaela,Rhymes,H,Micaela H. Rhymes,3,"OU=Development,OU=IT,DC=X",Pa$$w0rd
MIM,Marti,Maybury,I,Marti I. Maybury,4,"OU=Support,OU=IT,DC=X",Pa$$w0rd
MIT,Mitsue,Tollner,I,Mitsue I. Tollner,7,"OU=PostSalesSupport,OU=Sales,DC=X",Pa$$w0rd
MJL,Mari,Lueckenbach,J,Mari J. Lueckenbach,3,"OU=Development,OU=IT,DC=X",Pa$$w0rd
MKH,Marguerita,Hiatt,K,Marguerita K. Hiatt,1,"OU=Accounting,OU=Finance,DC=X",Pa$$w0rd
MLB,Merilyn,Bayless,L,Merilyn L. Bayless,6,"OU=Marketing,OU=Sales,DC=X",Pa$$w0rd
MLL,Maile,Linahan,L,Maile L. Linahan,1,"OU=Accounting,OU=Finance,DC=X",Pa$$w0rd
MLN,Matthew,Neither,L,Matthew L. Neither,6,"OU=Marketing,OU=Sales,DC=X",Pa$$w0rd
MLS,Martina,Staback,L,Martina L. Staback,8,"OU=PreSalesSupport,OU=Sales,DC=X",Pa$$w0rd
MML,Markus,Lukasik,M,Markus M. Lukasik,4,"OU=Support,OU=IT,DC=X",Pa$$w0rd
MNL,Marge,Limmel,N,Marge N. Limmel,3,"OU=Development,OU=IT,DC=X",Pa$$w0rd
MNW,Melissa,Wiklund,N,Melissa N. Wiklund,8,"OU=PreSalesSupport,OU=Sales,DC=X",Pa$$w0rd
MNY,Maurine,Yglesias,N,Maurine N. Yglesias,7,"OU=PostSalesSupport,OU=Sales,DC=X",Pa$$w0rd
MOH,Mitzie,Hudnall,O,Mitzie O. Hudnall,8,"OU=PreSalesSupport,OU=Sales,DC=X",Pa$$w0rd
MOP,Moon,Parlato,O,Moon O. Parlato,4,"OU=Support,OU=IT,DC=X",Pa$$w0rd
MPB,Mariann,Bilden,P,Mariann P. Bilden,1,"OU=Accounting,OU=Finance,DC=X",Pa$$w0rd
MRD,Mona,Delasancha,R,Mona R. Delasancha,5,"OU=Systems,OU=IT,DC=X",Pa$$w0rd
MRP,Mozell,Pelkowski,R,Mozell R. Pelkowski,4,"OU=Support,OU=IT,DC=X",Pa$$w0rd
MST,Merissa,Tomblin,S,Merissa S. Tomblin,4,"OU=Support,OU=IT,DC=X",Pa$$w0rd
MUM,Mollie,Mcdoniel,U,Mollie U. Mcdoniel,1,"OU=Accounting,OU=Finance,DC=X",Pa$$w0rd
MUT,Malcolm,Tromblay,U,Malcolm U. Tromblay,6,"OU=Marketing,OU=Sales,DC=X",Pa$$w0rd
MWM,Margart,Meisel,W,Margart W. Meisel,8,"OU=PreSalesSupport,OU=Sales,DC=X",Pa$$w0rd
MWS,Mitsue,Scipione,W,Mitsue W. Scipione,2,"OU=Payroll,OU=Finance,DC=X",Pa$$w0rd
MXM,Myra,Munns,X,Myra X. Munns,8,"OU=PreSalesSupport,OU=Sales,DC=X",Pa$$w0rd
MYG,Meaghan,Garufi,Y,Meaghan Y. Garufi,5,"OU=Systems,OU=IT,DC=X",Pa$$w0rd
MYP,Mattie,Poquette,Y,Mattie Y. Poquette,7,"OU=PostSalesSupport,OU=Sales,DC=X",Pa$$w0rd
MZL,Ma,Layous,Z,Ma Z. Layous,3,"OU=Development,OU=IT,DC=X",Pa$$w0rd
MZR,Maryann,Royster,Z,Maryann Z. Royster,8,"OU=PreSalesSupport,OU=Sales,DC=X",Pa$$w0rd
NAK,Noah,Kalafatis,A,Noah A. Kalafatis,6,"OU=Marketing,OU=Sales,DC=X",Pa$$w0rd
NCW,Norah,Waymire,C,Norah C. Waymire,2,"OU=Payroll,OU=Finance,DC=X",Pa$$w0rd
NFJ,Nickolas,Juvera,F,Nickolas F. Juvera,3,"OU=Development,OU=IT,DC=X",Pa$$w0rd
NIM,Nichelle,Meteer,I,Nichelle I. Meteer,3,"OU=Development,OU=IT,DC=X",Pa$$w0rd
NKW,Nana,Wrinkles,K,Nana K. Wrinkles,2,"OU=Payroll,OU=Finance,DC=X",Pa$$w0rd
NNS,Nelida,Sawchuk,N,Nelida N. Sawchuk,3,"OU=Development,OU=IT,DC=X",Pa$$w0rd
NRG,Nieves,Gotter,R,Nieves R. Gotter,5,"OU=Systems,OU=IT,DC=X",Pa$$w0rd
NUM,Nu,Mcnease,U,Nu U. Mcnease,6,"OU=Marketing,OU=Sales,DC=X",Pa$$w0rd
NVH,Nobuko,Halsey,V,Nobuko V. Halsey,2,"OU=Payroll,OU=Finance,DC=X",Pa$$w0rd
NYB,Nicolette,Brossart,Y,Nicolette Y. Brossart,1,"OU=Accounting,OU=Finance,DC=X",Pa$$w0rd
NYD,Novella,Degroot,Y,Novella Y. Degroot,5,"OU=Systems,OU=IT,DC=X",Pa$$w0rd
NZF,Natalie,Fern,Z,Natalie Z. Fern,5,"OU=Systems,OU=IT,DC=X",Pa$$w0rd
OJS,Ozell,Shealy,J,Ozell J. Shealy,8,"OU=PreSalesSupport,OU=Sales,DC=X",Pa$$w0rd
OXM,Oretha,Menter,X,Oretha X. Menter,5,"OU=Systems,OU=IT,DC=X",Pa$$w0rd
OYM,Olive,Matuszak,Y,Olive Y. Matuszak,5,"OU=Systems,OU=IT,DC=X",Pa$$w0rd
PDS,Paz,Sahagun,D,Paz D. Sahagun,8,"OU=PreSalesSupport,OU=Sales,DC=X",Pa$$w0rd
PFD,Pete,Dubaldi,F,Pete F. Dubaldi,5,"OU=Systems,OU=IT,DC=X",Pa$$w0rd
PLS,Peggie,Sturiale,L,Peggie L. Sturiale,7,"OU=PostSalesSupport,OU=Sales,DC=X",Pa$$w0rd
POF,Pamella,Fortino,O,Pamella O. Fortino,4,"OU=Support,OU=IT,DC=X",Pa$$w0rd
PQS,Pamella,Schmierer,Q,Pamella Q. Schmierer,8,"OU=PreSalesSupport,OU=Sales,DC=X",Pa$$w0rd
PRW,Penney,Weight,R,Penney R. Weight,6,"OU=Marketing,OU=Sales,DC=X",Pa$$w0rd
PWW,Paris,Wide,W,Paris W. Wide,5,"OU=Systems,OU=IT,DC=X",Pa$$w0rd
PZS,Portia,Stimmel,Z,Portia Z. Stimmel,1,"OU=Accounting,OU=Finance,DC=X",Pa$$w0rd
QCB,Quentin,Birkner,C,Quentin C. Birkner,6,"OU=Marketing,OU=Sales,DC=X",Pa$$w0rd
QWS,Quentin,Swayze,W,Quentin W. Swayze,3,"OU=Development,OU=IT,DC=X",Pa$$w0rd
RAB,Rodolfo,Butzen,A,Rodolfo A. Butzen,4,"OU=Support,OU=IT,DC=X",Pa$$w0rd
RBH,Ryan,Harnos,B,Ryan B. Harnos,4,"OU=Support,OU=IT,DC=X",Pa$$w0rd
RCA,Ressie,Auffrey,C,Ressie C. Auffrey,5,"OU=Systems,OU=IT,DC=X",Pa$$w0rd
RDB,Raina,Brachle,D,Raina D. Brachle,5,"OU=Systems,OU=IT,DC=X",Pa$$w0rd
RDK,Ruthann,Keener,D,Ruthann D. Keener,6,"OU=Marketing,OU=Sales,DC=X",Pa$$w0rd
RDM,Renea,Monterrubio,D,Renea D. Monterrubio,2,"OU=Payroll,OU=Finance,DC=X",Pa$$w0rd
REK,Regenia,Kannady,E,Regenia E. Kannady,4,"OU=Support,OU=IT,DC=X",Pa$$w0rd
REP,Rory,Papasergi,E,Rory E. Papasergi,2,"OU=Payroll,OU=Finance,DC=X",Pa$$w0rd
RFM,Reena,Maisto,F,Reena F. Maisto,3,"OU=Development,OU=IT,DC=X",Pa$$w0rd
RGN,Rikki,Nayar,G,Rikki G. Nayar,7,"OU=PostSalesSupport,OU=Sales,DC=X",Pa$$w0rd
RHC,Raymon,Calvaresi,H,Raymon H. Calvaresi,5,"OU=Systems,OU=IT,DC=X",Pa$$w0rd
RLC,Ronny,Caiafa,L,Ronny L. Caiafa,6,"OU=Marketing,OU=Sales,DC=X",Pa$$w0rd
RML,Reita,Leto,M,Reita M. Leto,3,"OU=Development,OU=IT,DC=X",Pa$$w0rd
RNU,Raul,Upthegrove,N,Raul N. Upthegrove,7,"OU=PostSalesSupport,OU=Sales,DC=X",Pa$$w0rd
ROC,Roslyn,Chavous,O,Roslyn O. Chavous,5,"OU=Systems,OU=IT,DC=X",Pa$$w0rd
ROF,Rolland,Francescon,O,Rolland O. Francescon,4,"OU=Support,OU=IT,DC=X",Pa$$w0rd
ROO,Rozella,Ostrosky,O,Rozella O. Ostrosky,3,"OU=Development,OU=IT,DC=X",Pa$$w0rd
RPA,Rhea,Aredondo,P,Rhea P. Aredondo,5,"OU=Systems,OU=IT,DC=X",Pa$$w0rd
RPJ,Refugia,Jacobos,P,Refugia P. Jacobos,4,"OU=Support,OU=IT,DC=X",Pa$$w0rd
RPK,Raylene,Kampa,P,Raylene P. Kampa,2,"OU=Payroll,OU=Finance,DC=X",Pa$$w0rd
RQG,Rebecka,Gesick,Q,Rebecka Q. Gesick,1,"OU=Accounting,OU=Finance,DC=X",Pa$$w0rd
RQS,Rasheeda,Sayaphon,Q,Rasheeda Q. Sayaphon,3,"OU=Development,OU=IT,DC=X",Pa$$w0rd
RTB,Rima,Bevelacqua,T,Rima T. Bevelacqua,4,"OU=Support,OU=IT,DC=X",Pa$$w0rd
RVS,Rolande,Spickerman,V,Rolande V. Spickerman,1,"OU=Accounting,OU=Finance,DC=X",Pa$$w0rd
RWH,Roosevelt,Hoffis,W,Roosevelt W. Hoffis,7,"OU=PostSalesSupport,OU=Sales,DC=X",Pa$$w0rd
RXC,Roxane,Campain,X,Roxane X. Campain,8,"OU=PreSalesSupport,OU=Sales,DC=X",Pa$$w0rd
RXE,Roselle,Estell,X,Roselle X. Estell,4,"OU=Support,OU=IT,DC=X",Pa$$w0rd
RYC,Rosio,Cork,Y,Rosio Y. Cork,4,"OU=Support,OU=IT,DC=X",Pa$$w0rd
SAF,Skye,Fillingim,A,Skye A. Fillingim,2,"OU=Payroll,OU=Finance,DC=X",Pa$$w0rd
SAM,Sharee,Maile,A,Sharee A. Maile,1,"OU=Accounting,OU=Finance,DC=X",Pa$$w0rd
SCL,Sheron,Louissant,C,Sheron C. Louissant,4,"OU=Support,OU=IT,DC=X",Pa$$w0rd
SDE,Sharika,Eanes,D,Sharika D. Eanes,1,"OU=Accounting,OU=Finance,DC=X",Pa$$w0rd
SDP,Shawna,Palaspas,D,Shawna D. Palaspas,3,"OU=Development,OU=IT,DC=X",Pa$$w0rd
SDW,Stevie,Westerbeck,D,Stevie D. Westerbeck,4,"OU=Support,OU=IT,DC=X",Pa$$w0rd
SEK,Salena,Karpel,E,Salena E. Karpel,6,"OU=Marketing,OU=Sales,DC=X",Pa$$w0rd
SFG,Shonda,Greenbush,F,Shonda F. Greenbush,6,"OU=Marketing,OU=Sales,DC=X",Pa$$w0rd
SHU,Sabra,Uyetake,H,Sabra H. Uyetake,1,"OU=Accounting,OU=Finance,DC=X",Pa$$w0rd
SHV,Stephaine,Vinning,H,Stephaine H. Vinning,7,"OU=PostSalesSupport,OU=Sales,DC=X",Pa$$w0rd
SHW,Sage,Wieser,H,Sage H. Wieser,5,"OU=Systems,OU=IT,DC=X",Pa$$w0rd
SKH,Selma,Husser,K,Selma K. Husser,4,"OU=Support,OU=IT,DC=X",Pa$$w0rd
SLM,Simona,Morasca,L,Simona L. Morasca,2,"OU=Payroll,OU=Finance,DC=X",Pa$$w0rd
SMS,Sherita,Saras,M,Sherita M. Saras,6,"OU=Marketing,OU=Sales,DC=X",Pa$$w0rd
SNE,Stephen,Emigh,N,Stephen N. Emigh,1,"OU=Accounting,OU=Finance,DC=X",Pa$$w0rd
SNK,Sue,Kownacki,N,Sue N. Kownacki,7,"OU=PostSalesSupport,OU=Sales,DC=X",Pa$$w0rd
SNZ,Sheridan,Zane,N,Sheridan N. Zane,4,"OU=Support,OU=IT,DC=X",Pa$$w0rd
SPZ,Serina,Zagen,P,Serina P. Zagen,7,"OU=PostSalesSupport,OU=Sales,DC=X",Pa$$w0rd
SQH,Samira,Heintzman,Q,Samira Q. Heintzman,6,"OU=Marketing,OU=Sales,DC=X",Pa$$w0rd
SQS,Staci,Schmaltz,Q,Staci Q. Schmaltz,2,"OU=Payroll,OU=Finance,DC=X",Pa$$w0rd
SRB,Stephaine,Barfield,R,Stephaine R. Barfield,1,"OU=Accounting,OU=Finance,DC=X",Pa$$w0rd
SRC,Scarlet,Cartan,R,Scarlet R. Cartan,4,"OU=Support,OU=IT,DC=X",Pa$$w0rd
SRL,Salome,Lacovara,R,Salome R. Lacovara,8,"OU=PreSalesSupport,OU=Sales,DC=X",Pa$$w0rd
SRS,Shenika,Seewald,R,Shenika R. Seewald,5,"OU=Systems,OU=IT,DC=X",Pa$$w0rd
SSR,Sylvie,Ryser,S,Sylvie S. Ryser,2,"OU=Payroll,OU=Finance,DC=X",Pa$$w0rd
SSY,Shawnda,Yori,S,Shawnda S. Yori,5,"OU=Systems,OU=IT,DC=X",Pa$$w0rd
STS,Shalon,Shadrick,T,Shalon T. Shadrick,5,"OU=Systems,OU=IT,DC=X",Pa$$w0rd
SVB,Sharen,Bourbon,V,Sharen V. Bourbon,5,"OU=Systems,OU=IT,DC=X",Pa$$w0rd
SWC,Sarah,Candlish,W,Sarah W. Candlish,3,"OU=Development,OU=IT,DC=X",Pa$$w0rd
SWS,Solange,Shinko,W,Solange W. Shinko,5,"OU=Systems,OU=IT,DC=X",Pa$$w0rd
SYM,Stephane,Myricks,Y,Stephane Y. Myricks,5,"OU=Systems,OU=IT,DC=X",Pa$$w0rd
TAM,Trinidad,Mcrae,A,Trinidad A. Mcrae,3,"OU=Development,OU=IT,DC=X",Pa$$w0rd
TAN,Tarra,Nachor,A,Tarra A. Nachor,6,"OU=Marketing,OU=Sales,DC=X",Pa$$w0rd
TDH,Tamar,Hoogland,D,Tamar D. Hoogland,8,"OU=PreSalesSupport,OU=Sales,DC=X",Pa$$w0rd
TEM,Taryn,Moyd,E,Taryn E. Moyd,1,"OU=Accounting,OU=Finance,DC=X",Pa$$w0rd
TFA,Tasia,Andreason,F,Tasia F. Andreason,1,"OU=Accounting,OU=Finance,DC=X",Pa$$w0rd
TGS,Tiffiny,Steffensmeier,G,Tiffiny G. Steffensmeier,2,"OU=Payroll,OU=Finance,DC=X",Pa$$w0rd
TGW,Tonette,Wenner,G,Tonette G. Wenner,6,"OU=Marketing,OU=Sales,DC=X",Pa$$w0rd
THF,Truman,Feichtner,H,Truman H. Feichtner,7,"OU=PostSalesSupport,OU=Sales,DC=X",Pa$$w0rd
TJA,Thaddeus,Ankeny,J,Thaddeus J. Ankeny,7,"OU=PostSalesSupport,OU=Sales,DC=X",Pa$$w0rd
TJR,Terrilyn,Rodeigues,J,Terrilyn J. Rodeigues,6,"OU=Marketing,OU=Sales,DC=X",Pa$$w0rd
TKM,Timothy,Mulqueen,K,Timothy K. Mulqueen,4,"OU=Support,OU=IT,DC=X",Pa$$w0rd
TLS,Ty,Smith,L,Ty L. Smith,1,"OU=Accounting,OU=Finance,DC=X",Pa$$w0rd
TMB,Tawna,Buvens,M,Tawna M. Buvens,1,"OU=Accounting,OU=Finance,DC=X",Pa$$w0rd
TNM,Tracey,Modzelewski,N,Tracey N. Modzelewski,6,"OU=Marketing,OU=Sales,DC=X",Pa$$w0rd
TNR,Talia,Riopelle,N,Talia N. Riopelle,4,"OU=Support,OU=IT,DC=X",Pa$$w0rd
TPP,Teddy,Pedrozo,P,Teddy P. Pedrozo,2,"OU=Payroll,OU=Finance,DC=X",Pa$$w0rd
TPW,Tammara,Wardrip,P,Tammara P. Wardrip,7,"OU=PostSalesSupport,OU=Sales,DC=X",Pa$$w0rd
TSS,Tresa,Sweely,S,Tresa S. Sweely,7,"OU=PostSalesSupport,OU=Sales,DC=X",Pa$$w0rd
TTF,Tiera,Frankel,T,Tiera T. Frankel,1,"OU=Accounting,OU=Finance,DC=X",Pa$$w0rd
TTR,Theodora,Restrepo,T,Theodora T. Restrepo,2,"OU=Payroll,OU=Finance,DC=X",Pa$$w0rd
TUM,Thurman,Manno,U,Thurman U. Manno,6,"OU=Marketing,OU=Sales,DC=X",Pa$$w0rd
TWS,Tyra,Shields,W,Tyra W. Shields,8,"OU=PreSalesSupport,OU=Sales,DC=X",Pa$$w0rd
TXF,Twana,Felger,X,Twana X. Felger,8,"OU=PreSalesSupport,OU=Sales,DC=X",Pa$$w0rd
TYE,Teri,Ennaco,Y,Teri Y. Ennaco,7,"OU=PostSalesSupport,OU=Sales,DC=X",Pa$$w0rd
TYF,Theola,Frey,Y,Theola Y. Frey,2,"OU=Payroll,OU=Finance,DC=X",Pa$$w0rd
VBB,Vilma,Berlanga,B,Vilma B. Berlanga,6,"OU=Marketing,OU=Sales,DC=X",Pa$$w0rd
VLS,Van,Shire,L,Van L. Shire,3,"OU=Development,OU=IT,DC=X",Pa$$w0rd
VNM,Vincent,Meinerding,N,Vincent N. Meinerding,6,"OU=Marketing,OU=Sales,DC=X",Pa$$w0rd
VOI,Veronika,Inouye,O,Veronika O. Inouye,3,"OU=Development,OU=IT,DC=X",Pa$$w0rd
VRT,Virgina,Tegarden,R,Virgina R. Tegarden,5,"OU=Systems,OU=IT,DC=X",Pa$$w0rd
VSZ,Vincenza,Zepp,S,Vincenza S. Zepp,6,"OU=Marketing,OU=Sales,DC=X",Pa$$w0rd
VTG,Valentine,Gillian,T,Valentine T. Gillian,4,"OU=Support,OU=IT,DC=X",Pa$$w0rd
VTK,Valentin,Klimek,T,Valentin T. Klimek,3,"OU=Development,OU=IT,DC=X",Pa$$w0rd
VWK,Virgie,Kiel,W,Virgie W. Kiel,8,"OU=PreSalesSupport,OU=Sales,DC=X",Pa$$w0rd
VWR,Vi,Rentfro,W,Vi W. Rentfro,4,"OU=Support,OU=IT,DC=X",Pa$$w0rd
VXB,Viola,Bitsuie,X,Viola X. Bitsuie,2,"OU=Payroll,OU=Finance,DC=X",Pa$$w0rd
VXM,Venita,Maillard,X,Venita X. Maillard,3,"OU=Development,OU=IT,DC=X",Pa$$w0rd
VXT,Viva,Toelkes,X,Viva X. Toelkes,2,"OU=Payroll,OU=Finance,DC=X",Pa$$w0rd
VZM,Vallie,Mondella,Z,Vallie Z. Mondella,8,"OU=PreSalesSupport,OU=Sales,DC=X",Pa$$w0rd
WBK,Willard,Kolmetz,B,Willard B. Kolmetz,4,"OU=Support,OU=IT,DC=X",Pa$$w0rd
WLD,Wynell,Dorshorst,L,Wynell L. Dorshorst,1,"OU=Accounting,OU=Finance,DC=X",Pa$$w0rd
WOA,Weldon,Acuff,O,Weldon O. Acuff,3,"OU=Development,OU=IT,DC=X",Pa$$w0rd
WRK,Willodean,Konopacki,R,Willodean R. Konopacki,5,"OU=Systems,OU=IT,DC=X",Pa$$w0rd
WTB,Winfred,Brucato,T,Winfred T. Brucato,4,"OU=Support,OU=IT,DC=X",Pa$$w0rd
WTG,Wilda,Giguere,T,Wilda T. Giguere,2,"OU=Payroll,OU=Finance,DC=X",Pa$$w0rd
WWK,Willow,Kusko,W,Willow W. Kusko,8,"OU=PreSalesSupport,OU=Sales,DC=X",Pa$$w0rd
WYT,Whitley,Tomasulo,Y,Whitley Y. Tomasulo,6,"OU=Marketing,OU=Sales,DC=X",Pa$$w0rd
XID,Xochitl,Discipio,I,Xochitl I. Discipio,5,"OU=Systems,OU=IT,DC=X",Pa$$w0rd
XNR,Xuan,Rochin,N,Xuan N. Rochin,4,"OU=Support,OU=IT,DC=X",Pa$$w0rd
YFW,Yuki,Whobrey,F,Yuki F. Whobrey,3,"OU=Development,OU=IT,DC=X",Pa$$w0rd
YML,Yolando,Luczki,M,Yolando M. Luczki,5,"OU=Systems,OU=IT,DC=X",Pa$$w0rd
YNF,Yoko,Fishburne,N,Yoko N. Fishburne,1,"OU=Accounting,OU=Finance,DC=X",Pa$$w0rd
YNS,Youlanda,Schemmer,N,Youlanda N. Schemmer,3,"OU=Development,OU=IT,DC=X",Pa$$w0rd
YTT,Yvonne,Tjepkema,T,Yvonne T. Tjepkema,3,"OU=Development,OU=IT,DC=X",Pa$$w0rd
ZYC,Zona,Colla,Y,Zona Y. Colla,1,"OU=Accounting,OU=Finance,DC=X",Pa$$w0rd
